x,y,label
-0.24612317035219292,0.2475496510733403,1
0.25529815992022975,-0.08168646181092148,1
-0.017471937288868058,-0.15377440527717187,1
-0.33119123086006474,-0.23638517746752552,1
0.19062174011371932,0.28438977981420194,1
0.04528102934256203,0.06753292250564201,1
0.4254674761797887,0.16255617667646685,1
0.27424914796289246,-0.30647884729706815,1
-0.38223712253071007,-0.2818239716237416,1
-0.09448913215098408,-0.35034126950619815,1
0.3041458925052035,0.039557890786150934,1
0.20539517291914053,-0.039301810300739926,1
0.23091819423517443,-0.4051819264060722,1
0.10151490396385125,0.4209648316039642,1
0.009391380391185998,0.020566574967435487,1
0.005356820678342863,0.01204611174839262,1
-0.06291727672524322,0.1774051378618117,1
-0.4003835935875999,-0.06278657098664084,1
-0.4491922592107126,0.2047067491411818,1
-0.01926559716084564,0.0726990168320637,1
-0.22667282550563705,-0.19200848134522855,1
0.12186053015670732,0.14635392839348238,1
-0.12692241080047226,0.46805361488681213,1
-0.2811439554218276,0.31344719891168404,1
-0.40329797647883475,0.11423439260459521,1
0.05137394457160668,-0.22864609624658339,1
0.06449732099076072,0.1971266102405554,1
-0.1361571485992213,-0.012210144583917492,1
-0.023567831206574477,-0.015463068514304911,1
0.4140772126649101,0.12440361309345191,1
-0.31713470310213493,-0.25421957585814536,1
0.23936502349472133,0.4388202845101057,1
0.45726985476316256,0.19805435157563636,1
0.26351606467519517,-0.08766629087202958,1
0.3755639760781738,-0.08238392469926142,1
0.16946424557051978,-0.44093927083361917,1
-0.1429334758370689,0.40005648801933896,1
0.10110692705594346,0.07122260989527794,1
-0.09046159300644771,-0.20631094167861233,1
-0.06006744437930231,0.023715833451693855,1
0.3435262806829442,0.3309728616268996,1
-0.3029481570460126,0.009183463689644789,1
0.11166316388524042,0.024509609508548108,1
0.2827968137257887,-0.1811668140260949,1
-0.017041262225508592,0.3085939497051992,1
-0.09354837270816219,-0.15270505921816335,1
-0.021468012852067297,0.05256382891996915,1
-0.33312080296472335,-0.04222759633011481,1
-0.2490297392411004,-0.07526097845801208,1
0.1536863380977125,0.35425899287865187,1
0.25534692764149486,-0.04940104772493066,1
0.06700647298527128,-0.42078909200377757,1
0.2562539145764493,-0.10239248476210208,1
0.2214273677495281,-0.1721417229757902,1
-0.35798240423439787,-0.25294067095274336,1
0.1779196026558524,-0.0951011084190209,1
0.056913940124017105,0.03536698720175571,1
0.0047911798776049995,0.013570379851722797,1
0.3624259661051827,0.10585597677644899,1
-0.14138059030901803,0.2760570838775157,1
-0.26937710643385204,0.2266452172250481,1
-0.014240701543932983,0.10552552270107446,1
0.03237372364129454,-0.06001030624838805,1
-0.004520295990982235,0.00569681920035433,1
-0.033857247603909006,0.1719930111434179,1
-0.28440863393939103,-0.07818214794126413,1
0.12413324500276778,0.15183802295253004,1
0.07045873878742254,-0.20707883276279765,1
0.40338351318974147,0.20410163520624114,1
0.17353704256378755,-0.014330472292232539,1
0.035802808645797025,-0.25448861985315424,1
0.12408420804969242,0.3716599526546386,1
0.1981520590139541,0.0068779401934018465,1
0.12435731152340175,-0.28510213033362736,1
-0.11545571161994692,-0.4154368426069021,1
-0.06244033963129887,-0.4706363327182969,1
0.009798626653314579,-0.07288099281606264,1
0.41405290433655934,0.20784934252016432,1
-0.15500842694592476,0.19109421512525276,1
0.09638827645998436,0.08591764186154911,1
0.1497531885287726,-0.17399825628317636,1
-0.35017908224580085,-0.3427689783406015,1
-0.11987627357921221,0.21516929535845442,1
0.15144178838177513,0.06391236225009254,1
-0.11840041398954959,0.2937354294759023,1
-0.05463510957949686,0.10692279624021568,1
-0.004847203521418325,-0.03762068255564549,1
-0.04183264498419107,-0.0490155637891497,1
0.04860828405152949,-0.041667360609543916,1
-0.07479687036754766,0.013192242314814397,1
0.050721303011820644,0.04738771346288358,1
-0.07334570707804539,-0.31193030773694935,1
0.006157787453211504,-0.0907313227553808,1
-0.1601809104526165,-0.06491181415347931,1
0.05890103333047121,-0.44450875279125945,1
-0.23680077224575696,0.009235982567179534,1
-0.33037982298977575,-0.04751322053988206,1
-0.07738376466118321,0.037885187997411154,1
0.09492087378490734,0.015290337096023347,1
0.01591608483357106,0.012815583968541757,1
0.08282590633365242,0.016572058526570867,1
-0.09118799397441592,-0.10529906934729906,1
-0.03482070274888089,0.08136766277856447,1
-0.04428697405372709,-0.002387216558023367,1
0.05042800161895259,-0.03309486367654516,1
0.001024550980225184,0.2303871058951174,1
-0.08723940929936512,0.055069831149986904,1
0.006351365710032428,-0.18202415518445203,1
0.03343229164633915,0.24947849411124037,1
0.30559982596934615,0.1605303747489802,1
-0.004858527997294027,0.01904614896563186,1
0.21157678060567606,0.33911578019832145,1
0.2838161765147296,-0.1342129007557331,1
0.014598830296351565,-0.03818388377683041,1
-0.2921254400129646,-0.3247270090727045,1
0.31825720662731527,-0.3327369004860813,1
0.010104612475542755,-0.028818849764124743,1
0.05372465913804337,0.12758906305550935,1
0.31468540422313107,-0.25191907878109804,1
-0.36275729905483395,-0.09154388590017268,1
0.032579315035002554,-0.08631679951161998,1
0.08314716710478832,-0.06358721096126976,1
-0.07676097725409818,0.16858276041061523,1
0.18661529750784633,0.1544841789008268,1
0.04271948166956815,0.3061613733243925,1
-0.16544682753743828,0.08155774410165562,1
0.09585107295605451,-0.21046891152915206,1
0.23954732524445424,-0.286871538858192,1
0.01832410564664874,0.0008009343472771597,1
-0.1259308074690809,-0.008516715776744023,1
-0.30972009950955337,0.17689083605491826,1
0.07804237827371303,0.44074732869736327,1
0.18664648399649922,0.1749758303430856,1
-0.13917838870326063,0.22675000864005368,1
0.05017530256888169,-0.01881220390529631,1
-0.09930343017266233,0.20045768943242,1
-0.2644547057243021,-0.031368722507906906,1
-0.03527002606349948,-0.11599142875531764,1
-0.08815408768320446,0.101743973668013,1
0.18568488443452486,-0.03327098773595435,1
0.00975753813811729,-0.002345995426538286,1
-0.0018033632607766478,0.16102948520888583,1
-0.10570820449464564,0.0018276811048095166,1
-0.05145978124660692,0.15545262890970235,1
-0.013004075566116952,0.05845199802524843,1
0.4333581447124218,0.10227623305003765,1
-0.22920243520190942,-0.18855833030283595,1
-0.33950305596300995,-0.005715326642757449,1
0.3741241243133598,0.1254151129968865,1
-0.04461575096356428,0.2451950064423533,1
0.03643870940247041,-0.023685535193077163,1
0.01760032836632407,0.26797590891247564,1
0.17999263532363613,0.23172888399863187,1
-0.37190159108048576,0.024682158938305308,1
0.21495312926035096,-0.01943304361097423,1
0.0031829673340148397,0.06371069089487673,1
-0.06668057563119767,-0.12524333120555267,1
0.01324222052612108,-0.18105753805093053,1
0.025060786808174952,0.32198482515005533,1
-0.03893957235051087,-0.2827201407316759,1
-0.12006285998745801,0.1314767249380038,1
-0.3324133982879007,-0.36442340301352516,1
-0.20239334976550605,-0.22533911092487882,1
-0.11562948571042928,-0.026437846237540887,1
0.04291917289888289,0.027347075362031056,1
0.03903078146374113,-0.06571207808594573,1
-0.052906611963168634,0.11101662690153927,1
0.031202199655178994,0.07403410474114284,1
0.09023878199603656,0.023638439874744534,1
-0.11992647746566781,-0.0770548752891078,1
-0.03810543349944188,-0.07786255084555714,1
0.4459495867275256,0.046647859531840426,1
-0.040001123057443265,-0.003045265155541195,1
0.03858965830944489,0.2594010171891971,1
-0.12559145130383362,-0.16227500195714784,1
0.22473573591709706,0.4367617036114973,1
-0.020314891949970812,-0.05220616883871687,1
-0.15064343803024294,0.12991852832232914,1
0.4469342349311667,-0.1876646474306644,1
0.2810076503627927,0.32910537321790573,1
-0.221210739011877,0.3434639736961586,1
0.09754132657953633,0.08434546021302675,1
0.07605616251375871,-0.03893715480977096,1
0.23985017848640636,-0.23290090332106217,1
-0.023177714375099745,0.46410960542534124,1
-0.14918779885288394,-0.23503027556623762,1
0.1171585678553528,-0.26068973257271894,1
-0.13165353638881883,-0.047585917854198245,1
-0.3780889195911339,-0.07126438409536529,1
0.004785627266502035,0.09339935085576677,1
0.13492925938529876,0.08936530076905318,1
0.16987912386863016,-0.12802392002778876,1
0.20572386603617687,-0.14864307948967254,1
-0.08123302834025369,-0.08995451461188171,1
-0.030470220029034073,0.04866661864592493,1
-0.1782278166733591,0.2478891978721598,1
-0.021719579148649002,-0.1426715071328175,1
0.2319756464351424,-0.1750621803006812,1
0.0585587125716976,-0.050277620753685415,1
0.04489353253257443,-0.23634407151431303,1
-0.1671096703280681,-0.20733362968715294,1
0.022374298551259282,0.013069449358541322,1
0.08872189452727743,0.14301760540612904,1
0.054010778872216,-0.03999577614909841,1
-0.02486263191139044,-0.01964551488367652,1
0.4941538996546849,0.028587390305101157,1
0.1295133683674232,0.09593897933906259,1
-0.20940173447458107,-0.3465906347712312,1
0.12725594548714775,0.0040484691923827355,1
0.1811206405716905,0.28862918019243483,1
-0.36243288501105675,-0.11458186418746788,1
-0.10632957116097158,-0.27819130041205203,1
-0.1362316160326864,-0.19244992126523808,1
0.03314646841314255,0.20323519939506296,1
-0.041062616789739034,-0.1695320864985671,1
0.037195418896665805,0.4632737941159908,1
-0.18947538380597762,0.3695689774318009,1
-0.01063622081106906,-0.4823962120337353,1
-0.036645912505621096,-0.05019489055854417,1
0.21335143775553894,-0.29668667072398414,1
-0.25730694501552337,-0.39231854311714215,1
-0.08239768431235317,-0.0377091194263858,1
0.027653541251763024,0.01845860367594283,1
-0.24976313679038706,0.27373952893518333,1
-0.027394930233225027,0.28592718870224937,1
0.015891710671792864,0.4206142839663272,1
0.06888372612306717,-0.011794557742560881,1
-0.31125691702292385,0.24745031002930398,1
0.07849814075068297,-0.06325690433537563,1
-0.05558692308626085,-0.06004923721928368,1
0.022820820780323478,-0.07889881641310474,1
-0.4072314524108398,-0.006748175854742025,1
-0.29452008047098327,-0.15453076653162903,1
-0.26124374640231846,0.012290834508117538,1
0.0605169492092523,0.16890094121253904,1
-0.0755381425555438,-0.4320465093250503,1
-0.03770338422351003,0.19256621043964417,1
0.40354366390146423,0.06213833326784304,1
-0.13405900728372877,-0.17389091277966393,1
0.08333008398628514,0.1690499122196044,1
0.21533888234618734,-0.08454177527538162,1
0.14441934093949893,-0.04301406422933242,1
0.32158715787230263,-0.19055614979185087,1
-0.17225051870968497,0.18306202898997942,1
0.11555923940493622,0.011258158596760617,1
0.4049337674590513,-0.19579899691252112,1
-0.1727338530135996,0.08370264921094298,1
0.26583325643374217,-0.05652528620124819,1
0.4414467474039826,-0.10270195322181007,1
0.18820055766552696,-0.24899562040337972,1
-0.01611230351280094,0.05618435419113553,1
-0.3526799951676706,0.31054456387527607,1
0.1862874754112737,-0.2525892445801515,1
-0.06835452993918449,0.1528662844416757,1
0.03374173458354279,0.06091529285231014,1
-0.37199558854037273,-0.13870213554748909,1
0.28542321407458837,-0.12106256452151991,1
-0.08872604737153375,-0.2515409960244387,1
-0.40433592504696575,-0.19045589312172198,1
0.3230554759933688,0.22606757799046437,1
-0.05688422583221332,-0.05015478179551665,1
0.15555678014275046,-0.0097339631858298,1
0.07914592305306427,0.09577387960979604,1
-0.3695089817695888,-0.04274498742261433,1
0.012030952540326397,-0.011677423765528924,1
-0.016518243373542206,-0.2844656585012232,1
-0.12458367457143245,-0.3602980986567022,1
-0.12894412753716167,-0.41899034287825676,1
-0.10860364457470474,0.1321371601262284,1
-0.11106844067311393,0.39532226297759626,1
0.020156521339135494,-0.05151271641970084,1
0.15608026093265337,-0.3933946144685376,1
0.042773883526059465,-0.04726240201152134,1
0.16985265773363312,-0.10300180809588101,1
-0.3976357656458646,-0.028386140149993782,1
-0.07495531181931216,-0.0007141328926744899,1
0.03425153656037808,-0.10938867764664349,1
-0.21233091010864386,-0.29210918806163944,1
-0.10701193736324544,-0.34374641634798375,1
0.09096934670324607,-0.30739575427938104,1
0.2673556562398598,-0.2211607197744004,1
-0.14250552706329614,0.2309320898189589,1
-0.08934989168091699,0.08869773600952376,1
0.14357775891083568,0.09623854283657571,1
-0.08003568316816742,-0.04288032307104768,1
0.4426916616921885,0.1017088898034731,1
-0.2849079982150602,0.06256140266327201,1
-0.19327396215675316,-0.053062605783963136,1
-0.05257247579700354,0.2249410488078792,1
-0.398574688906576,-0.25588014526249325,1
0.07527203241679456,0.014604257778561107,1
0.2850812668823745,0.06815442215550604,1
0.11142362386040013,-0.22708063524150107,1
-0.19515982949938868,0.23533319242621084,1
0.006319486714219288,0.006485273870467172,1
-0.4318102037027105,-0.06074517360441334,1
0.05839396932716029,-0.4623864914563017,1
0.06021661651678996,0.2760757828816003,1
-0.2495461642599682,-0.24301708685856876,1
0.3965034460824447,0.23566139758744792,1
0.33513854762305223,0.11282187449019568,1
-0.07479422578599866,-0.014928619908510273,1
-0.278803419695273,-0.07277170935301779,1
-0.19711653114305686,-0.230588074338128,1
-0.03173731855719775,-0.20967701160511637,1
0.36399187028228136,-0.055654707030290185,1
-0.4647353949887872,-0.04776444511041727,1
-0.2047880466231218,0.4150073782252569,1
0.06314329072781251,-0.21639537781126747,1
-0.007389883817615478,0.05613468957445469,1
-0.45666002425530494,0.18422722122568222,1
0.369508535766547,0.19849670490042132,1
0.061542300276397524,0.009886419872054622,1
0.4477995092198622,-0.10706560016189663,1
0.2237079501374764,-0.37300760478510314,1
-0.08637936841111805,-0.2446156926558181,1
-0.24856762800746285,0.16004935031290368,1
0.09247152083625995,0.17677615013951362,1
0.015185202202161276,0.022784181040760024,1
-0.0002557845882277089,0.16759842563699562,1
-0.3823777414828708,-0.12219115270709582,1
-0.0005109591141393763,-0.002258944457588638,1
-0.08917422448112255,-0.14090203003456048,1
-0.03722346077679916,0.19557349285314132,1
0.2579652549036837,-0.07518268269176685,1
-0.03494193027222046,-0.45859857203263965,1
-0.16317187913250986,-0.05799848975363245,1
-0.13246268409910275,-0.11201682194104795,1
-0.32269120951195623,0.17845841544900568,1
0.0032234389871366046,0.22608599239393512,1
-0.06937196509131932,0.08831399708621468,1
0.011147792886396852,-0.22594491729923563,1
0.07014069457078903,0.006360661341096906,1
0.06576033973281185,0.05876793318138573,1
0.23884700553369392,0.07102617245716553,1
0.20264140548680976,0.05301974955596478,1
0.2814025468401455,-0.36062218776325417,1
-0.052017869548159304,-0.17356980087823398,1
-0.2864805770867211,0.046899755561242075,1
0.2582611953221666,0.18232028805199768,1
-0.006538145859824285,0.00034474200730560527,1
-0.3271706122862612,0.05504408662103106,1
0.041306826950717926,0.07885396262760197,1
-0.43962490362330486,0.19402057337924172,1
-0.05972221151714515,0.04425391629280306,1
-0.15477257328273114,-0.13792658030105073,1
-0.028202533198591048,-0.03202746604815997,1
0.47837952716677257,0.13997355638137307,1
-0.17712005722827306,0.1779843881576485,1
-0.20935998893048732,-0.21163464921256028,1
-0.033531727214922945,-0.0006608514916769897,1
0.23259149996974574,-0.2941281539264182,1
-0.056961980156581875,-0.08814999897812578,1
0.23357012055314375,0.3834975560293784,1
0.09265129161677182,0.04400347924898319,1
-0.059650780455557516,-0.0743790030453421,1
0.018021880169528,0.0030300808746118674,1
-0.20257601019824714,-0.1211394248728771,1
0.2627381294471965,-0.10358596329106284,1
-0.029228844752904718,-0.015002698367023849,1
-0.2959153287407721,0.25058908451966055,1
-0.14083002012835855,-0.17757983375781244,1
-0.2532267202235714,0.06798909328838033,1
-0.21139097586031957,-0.06230413386730389,1
0.18698104642659333,-0.07204752610434453,1
-0.2111731858515938,0.18358978916045737,1
0.07532383848499452,-0.018740406747012835,1
0.07534707427406899,-0.05096351209163307,1
0.14394266508803968,0.4061392905319133,1
0.42884028785576694,0.19969883433277047,1
0.15046867615090256,0.11044971209880522,1
0.13448606057761192,0.015465090339772981,1
0.2669515875865123,0.1800574986165694,1
-0.083506482129531,-0.1865276738131967,1
0.011444447305124974,0.005490117422113906,1
-0.03278788944826714,0.07085804627267182,1
0.20098601787381556,-0.2962409133448718,1
0.32594615514413955,0.04800306503084614,1
0.005339004222157732,-0.012451635890636631,1
-0.022065786730300987,0.10877045198154578,1
0.08512949386175099,0.07811440122920192,1
-0.11034101368410976,-0.3173087225783744,1
-0.0067939660282333855,-0.007139212158828477,1
0.03737518469561222,-0.03623181998849295,1
-0.03746163156587206,-0.39819977658220096,1
0.029436863812778654,-0.08427941703578622,1
-0.06524942316313294,0.31978411953350844,1
0.05243358847139274,0.10692744314160349,1
0.00019205060857562244,-0.04972032547201729,1
0.04250183638931475,-0.11391563774304503,1
0.36049100663672806,-0.02153170562415613,1
-0.3649657786398946,0.22328029873718908,1
-0.28797635306920844,0.2989747078824011,1
0.03280671960674631,-0.1958632385076072,1
-0.18041064026343914,0.28113419981637006,1
0.09294426994797718,-0.04319725715387133,1
0.09229875150760668,-0.11386324433035018,1
-0.40430023373801016,0.19337992628598186,1
3.558010840152397e-05,-0.006500864388728914,1
0.0012202000608702087,-0.042736849720514405,1
0.08287644831040987,0.06273490324461939,1
0.010856192695916384,-0.007624469866791738,1
-0.09066832135307977,-0.002993289089057812,1
0.13472072234234633,-0.25852406546789847,1
-0.08977633802980589,0.1906301972156569,1
0.35357195374863076,-0.2724014857919274,1
-0.3136147745314488,0.2621054508256087,1
0.1705125835583099,0.011629029568616233,1
0.10745671521056549,-0.07265111017373022,1
0.15946483650405757,0.10301721760802311,1
-0.12451481982558357,0.267596878594356,1
0.1274879526912494,-0.04136847593757537,1
0.2971661692885248,-0.09530337151801362,1
-0.1832975822320588,-0.09113984630978889,1
-0.18661590663797537,-0.20338024943770033,1
-0.20672245045933904,0.06940760642747071,1
-0.039484623819364184,0.14183964667007923,1
-0.22496543788751264,0.41747032305056425,1
-0.17861782879822052,-0.33744499322704335,1
0.0010451780860691667,-0.07004879091468037,1
0.11215708710455428,-0.419499635401839,1
0.06004305981910248,-0.23620356522351402,1
0.375820683414055,0.24251749540700598,1
-0.39968188130899845,0.01401789463278781,1
0.1988539579321242,0.07522456055358964,1
-0.010695020865205651,-0.003440055637477391,1
-0.12537472743442396,0.048249959401648876,1
0.20615641621299216,-0.17561730460589317,1
-0.1876447081111526,0.255172740053491,1
0.0956066109686261,0.08652104087224886,1
0.04339747912776863,0.05451318785947577,1
0.030166195800282538,-0.41637378124873864,1
-0.3625489885999723,-0.3328965968714826,1
0.2115510488710008,0.15599261413264795,1
0.07412984948680376,0.04328059279180099,1
-0.04128452696795048,-0.12974362355069372,1
0.008250970988400583,0.0040590298985050165,1
0.19946561037122074,-0.4113381178528493,1
-0.01598397085792805,-0.056664292601806374,1
0.25141669402335337,0.1410051687038874,1
0.1180164866921396,0.06963242682344438,1
0.2761132608387047,-0.023233204839541836,1
-0.22925424750151543,0.23136469175878438,1
-0.2852165747875947,0.30127955568085346,1
0.039676409477115954,-0.09527968246074514,1
0.005198676459015835,-0.0017890849745441713,1
0.06817822854923881,-0.006012327479549498,1
0.009551074419670942,-0.4499079526925,1
-0.31140232635151344,0.3065119215600272,1
0.2585302435370664,0.14962525467932528,1
0.05096683312946567,-0.29590117748502826,1
-0.3103794831502029,-0.11930222572231593,1
-0.07793294999495994,0.04018988239083278,1
0.38031938908968516,-0.25376064311673036,1
0.16032535287625807,0.13467727853910227,1
-0.19136363263236586,0.00887372881277431,1
0.25879894272556747,0.018493335505795447,1
-0.023029188630649844,0.004594233319373495,1
0.07799317080824368,0.0288028642411427,1
0.27087043271560135,0.25060449601774826,1
0.03061563943310618,0.027867319114796018,1
-0.17847035554229246,-0.24309761204307664,1
-0.0030482417215558894,-0.12263667733496851,1
-0.16854827482440912,-0.09736142887096177,1
0.1402889261683489,-0.033985814793661924,1
-0.12564699737250576,0.12585150917117585,1
-0.07999653934380359,0.350510067093048,1
0.10073976177536188,-0.10918712777227021,1
0.04676866823651718,0.27931388402449125,1
0.23169842059365675,-0.0545145691800465,1
0.33086838778252514,0.025317264853187006,1
0.46005099543851613,-0.08812248133622831,1
0.3529001324280575,0.09811710317276781,1
0.08329708730735497,-0.06790756094350131,1
-0.015355999045395754,-0.0027000502551591627,1
0.13100393040016137,-0.005794605494322673,1
0.26612296463443297,0.133071422911926,1
-0.024254852669177672,-0.008535554763793099,1
0.24358097966567954,-0.04757277777539924,1
-0.29528423869241055,-0.04315744380348166,1
-0.11486234443981554,-0.12139351904819418,1
-0.12886111354900576,-0.3632784330041768,1
-0.05113972325042003,0.015017509735750854,1
-0.026134824701362143,-0.02698874763440461,1
-0.31418691955048894,-0.1839872162643706,1
0.2014846723310928,-0.14415907159998603,1
0.3302636057429701,0.09695574028140097,1
-0.04203096490494048,0.21331221621947466,1
0.11726916841811914,-0.03776814311843092,1
0.3159968357432025,-0.2605343576288834,1
-0.38429390753475723,0.10993011197394414,1
-0.25300777849297196,-0.23798710191195252,1
-0.023294755564741025,0.134063784418678,1
0.11187077211240266,0.2730897112217095,1
-0.1758123609115358,0.04081117884512964,1
-0.02768955018347422,0.036470643664982275,1
-0.39674251753814516,-0.2301334910640464,1
0.06041054367507344,0.03209985443139563,1
0.4689831624082718,-0.07610880715545834,1
0.22216641685296515,-0.019296906505199392,1
-0.9446012134841411,0.12570284213507454,0
1.118837507629225,0.6966746592286834,0
0.9196834435843493,0.47635010013215195,0
0.5768296935535573,1.0475869546959578,0
-0.7509959734224422,-0.03172510907057857,0
-0.8363716745411933,1.463004023989941,0
1.3321780190598398,-1.3817195658944823,0
0.6167255175470654,1.2757449522469972,0
-0.9582739646179994,0.2038356916578885,0
1.2464648927641253,-1.3981620642426034,0
0.5922608017405198,-0.6079529778823477,0
1.2731885861295913,1.4131747354961033,0
1.3327994673403016,-0.0773573500276088,0
1.0861279529679404,1.033648195605211,0
-0.5426985802702331,0.9867464224520321,0
-1.3889770958535221,0.2888096354461591,0
-0.8099734881368909,-1.1382993426681636,0
-1.2691403951123725,0.5888663276344195,0
-0.4803751086958017,0.6743003145862843,0
-1.303930977603173,-0.554128986508169,0
0.11847387712601165,0.8721694945168905,0
-0.5437424912037903,0.3776741293110273,0
1.1579332447085613,0.3475895645469138,0
-0.8011215757390987,-1.426797655330386,0
1.1102966217027896,-1.4361917674488387,0
1.1241050180525982,0.08681140208163596,0
1.3172030955386886,0.8963497073209963,0
1.4938023316000124,-0.44786455364486955,0
0.8015648667933806,-0.2942072591722735,0
1.1210313425590162,1.4522504075978855,0
0.8048202415935544,-0.24669965349799883,0
-0.23592899316878935,0.7127469047666746,0
-0.783668562695093,-1.168577660605816,0
-0.4361335270776703,-0.6382830250377548,0
-0.6110756386320297,-0.7991767468502702,0
-1.3737204310909144,-1.4463781957997586,0
1.4631671692080945,-0.21668059879241297,0
-0.34702005852095485,0.5389418480792094,0
-0.8452383364048075,1.349883551850676,0
0.859035043246656,-1.2317669930632213,0
-0.24725767264521492,1.137354922686494,0
1.334196066874231,-0.09779546625039082,0
0.340234167632123,-0.9988981617237743,0
1.4735058784109296,-0.8049848958496698,0
1.328195322405377,0.4489399469771054,0
-0.8079905648467239,-0.9704159039834752,0
-0.8385413727894739,-0.9406852135672364,0
0.83875342070026,-0.4496242224998097,0
-1.326471970309811,1.4073078904224339,0
1.151357654890277,1.283256849585639,0
1.4847234679393058,-0.9783142523415381,0
-0.31127394329202374,0.774715427112274,0
0.5880618541613769,-1.0383122809804348,0
0.9474993749718532,-0.826678284490018,0
-0.8285471555321308,0.11092326868024083,0
-1.2255394878067354,1.1323825878911409,0
-0.7031998722338818,-1.1114552361515875,0
1.1662442396069315,1.36695449468926,0
1.086382851796352,0.9285482241746341,0
-1.2390397202657697,-0.27464036078790377,0
-0.38193444896305806,-0.7207386487190214,0
0.670260341065755,-0.012372794763687578,0
-1.2568613522770562,-0.839450394150566,0
0.5497762909787878,-1.2716074215290996,0
1.0536207421463062,-0.014560418958077026,0
0.9740428977754476,-0.45657237629342085,0
0.5340484576771907,0.19719589198737308,0
-0.698915189491736,1.1358899590654739,0
0.8922780648207844,0.4753555039752766,0
1.0517451872827257,1.101882602879407,0
0.6250889301451044,1.0110399850910161,0
0.5924143850078512,0.5404223152809013,0
0.3558341346455529,0.7581499186729239,0
-1.024184684120779,1.1426122775967853,0
1.1155305832356959,-1.4122581508963226,0
0.9774502516942878,-1.1133903975796644,0
-0.4946434372225743,0.7305247688748233,0
-1.0177203118550753,0.9539010723571866,0
0.9964025338732259,0.02240320128250861,0
-1.4808423848494994,-0.6388856004752617,0
0.3507807551272266,1.4435585340822703,0
0.39544058105000524,-0.7205892568075206,0
0.8395361854534307,-1.1790580835191249,0
0.7830837075060839,0.12379973602833072,0
1.3889760115769838,-0.47438350188394174,0
0.3978656794018445,1.2960843165300524,0
-1.1924708160279622,1.3116854617093532,0
0.5636571669024399,-1.2964888226844842,0
-0.5971092991595512,0.6245162659358447,0
-1.297948195593685,0.24651138052881993,0
-0.4623508291411298,0.36274655330243144,0
-1.3627738985624616,1.1146104184571288,0
1.420466907532191,1.4066335658570743,0
0.748955495228774,-1.109741279608104,0
0.7747895877870676,-1.4262392506235955,0
-1.4336293454130082,-0.5291693425513763,0
-0.03407042878600275,0.8112222534233795,0
0.5498861298195155,-0.1622918808697551,0
-0.6791200011550024,1.4913735004731334,0
-1.0091285364249925,0.8844286462497881,0
0.581046677344466,-0.8376911616337188,0
-1.252856863152472,0.5414979062241394,0
0.4635336428434056,-0.680221419005372,0
1.3525906867512312,-1.0468263246572993,0
-0.20299559687219437,1.3308477605027966,0
-0.30721680611161717,-0.6773543929539899,0
1.4519329438794846,-0.27199798105487094,0
1.182297611037403,-0.8101361823267414,0
-0.8606858879247501,-1.406597751346466,0
0.45500047612765515,-0.3944209688287166,0
1.093074749518911,-0.08037027992532852,0
1.4045802837441652,-0.9434234528906366,0
1.1058695038668325,0.8297905583752252,0
0.812765533932156,1.034349684350663,0
0.7830719728289965,0.3786609648942463,0
-1.1062653669528373,-1.4024214615262443,0
1.2625435434470607,0.3499509435622141,0
0.889611872928529,-0.05543294546234989,0
-1.1480754331128167,-1.1244426233923486,0
0.5566958616869142,-0.20908231530161192,0
-0.8984258198989898,-0.025216359775689368,0
-1.3073731887745978,0.24591420574319622,0
-0.693019786694707,0.8926773019115646,0
-0.5689141232292787,-0.13433955275459653,0
-1.465138380275698,-1.2826593366163235,0
0.30006164435791116,-0.6250122638720903,0
0.5849456583796275,1.0803671915676136,0
0.8395529666800492,-1.3811435239549286,0
-0.05847915822651317,-1.1852094647454754,0
-0.7738649524124176,1.4599877798014393,0
-1.0725133712954604,-0.0033355396459318065,0
0.3544672029543574,0.6073949116323121,0
0.1789460504607423,-1.4706874577424491,0
-0.5206160752680243,0.053134930154134175,0
-1.2364005025655,-0.4481192063724577,0
-1.4003906736259002,-1.2642645085349378,0
-0.3092301713952117,-1.101852737870819,0
0.20262254478467456,0.5683949074117973,0
0.9017600973272488,-0.8995492672655697,0
-0.9975522532227907,-1.1862964789967991,0
0.4092907486309101,0.6194271794607036,0
-1.4052415655230739,1.3086367387310696,0
-1.3440861490455829,0.12388900590321139,0
0.6271815583527491,1.112907371238257,0
0.6422607963972835,0.9051842492093756,0
-0.4816494223715817,0.9444753412395368,0
-1.2596554608459747,1.1844499681815828,0
0.1427771284612087,0.9518933098874811,0
0.07920798280833963,0.6947685652659956,0
-1.2551100539082314,-1.3189437480283086,0
-0.7586902979695607,-1.021365959660435,0
1.115350699776605,-0.842358037925867,0
1.4275957674573938,-0.48931262468667946,0
-0.9536462529339021,0.8690955214274374,0
0.1660906528128936,0.6576053348167914,0
-0.8146357760061038,1.4890017481702258,0
1.4243794864403494,0.45097705904081065,0
-0.9013726472125646,0.5406847272938737,0
-1.2834047730624725,-1.408042493382582,0
-0.726951334466359,-0.11213112978205109,0
1.1048175162251415,0.6815072092989238,0
0.7281195635999431,-0.22351999665577393,0
-0.46219502235911136,-0.3868837110461918,0
1.4629486912081733,-1.3796724257625526,0
1.1010944883673455,0.23602622571718035,0
-0.18415374243122873,0.6757729812454096,0
-0.03999317572589156,1.1202697142449818,0
1.2021055920337753,-0.23483721937963375,0
-0.6695166082948453,0.2770509857800867,0
1.237090036850073,-0.8680134329830003,0
0.36889975069044834,0.39468066027756166,0
0.6993390672458428,-1.1052969446182206,0
0.6474748940462658,1.2270975619969229,0
-0.9609506733892741,-0.7873700252283671,0
1.4141852821249188,-0.9570691418715307,0
1.0631552801087372,-0.02316643065589563,0
-0.7583067767904689,1.1122497038175343,0
-0.4222998918007028,0.2788525543047822,0
-1.0094283822449317,-0.32675539004471776,0
1.4082369670058625,-0.7255997018966174,0
0.4702099936238766,-0.5244298073259154,0
0.8204193770598018,-1.1073790178449505,0
1.409463135235634,-0.13863137584908225,0
-0.7918486099606081,-1.279509758009962,0
-0.9907262847373778,0.0593218456680531,0
-0.488990470706141,0.9866500976478285,0
-0.2073374290145822,-0.7538571822371103,0
0.35143495981209005,0.6203316506563374,0
-0.9988742762971504,-0.997142351135047,0
-1.389985719199371,0.7092060451969218,0
1.0325113469075915,0.9170104588501595,0
0.25606309319025655,1.1048138415397757,0
-0.8824763698896952,-1.1642411418068164,0
-0.6907511654490311,-1.3287394317320556,0
0.09350858400309603,1.3098170768848845,0
-1.381969377994471,-1.1336702579699196,0
-0.14340291514969428,1.3016250525837147,0
-0.5515316850697485,0.021704426065177307,0
-1.3752814228488237,-1.0549703971137334,0
1.4598903688765406,1.3953560893081365,0
-1.485180057196771,1.3554353562697168,0
0.4173598134465011,1.1037548835600663,0
-0.03346025922923945,0.500592772638313,0
-1.0810462357310613,-1.410079230381966,0
-0.5762101752264273,0.6140422882099399,0
-0.8944396436311549,0.5202972999747519,0
1.4097361383218114,-1.218297852631745,0
0.517806354675379,-0.16874934208628645,0
1.104426763132516,-0.9685506316578423,0
0.5778778566784935,1.0143458689443308,0
1.3338426584220695,0.5497440848689372,0
1.1067149534361547,0.21182923991648916,0
-1.4088388209094895,1.2928460865209335,0
0.5685802530946833,0.5295401573317395,0
-0.8529745428068485,0.4766564106979716,0
-0.31840678303752457,0.45369893112447635,0
-1.1802209090760278,0.473535913809108,0
1.498241177312,-1.355363883418332,0
1.4315225526639521,-0.27927611783138806,0
1.1122603510117774,0.8471564521748203,0
0.2010487829600034,0.7153476277539794,0
1.1355466839040438,-0.28757903504690097,0
-0.5189005153102839,0.5027801566907542,0
0.9235378258237756,0.786855404329847,0
0.8934409465759034,-0.1932500555612009,0
0.953502648525065,-1.1393728338881748,0
0.13346729388254852,-1.4827240185056354,0
-0.5262425102991891,-0.4006153953858065,0
-0.31148192517223383,0.5864016200695863,0
-0.7873676073770176,-0.38024462511197976,0
-0.8181911182105456,-1.280412228694669,0
0.3103457801441336,0.5046383956650486,0
-0.36064265946231044,1.0900009487154758,0
-1.423073802580693,-0.47625651712153094,0
0.32371527838033387,0.7946497846263849,0
0.9389572161482804,0.6543692286794833,0
1.3665710878648039,-1.445302251970915,0
-0.9126660429493617,-1.4773113750655735,0
0.4424241424638091,1.1940916468499605,0
-0.7695531102711022,1.28110363438892,0
-1.3191978291313173,1.3033080804165431,0
-0.44513193828109676,-1.1957375146523503,0
-0.042384722441023204,-0.7296702968384762,0
-0.6453812941142315,-0.5781301052211403,0
0.9090776934979905,0.11748383002576346,0
-0.5660769025319891,0.3310013499327551,0
0.6484520226695807,-0.6821279977993987,0
-0.25935269542394535,-1.1343417199891572,0
-0.956551951395959,0.5433535618949485,0
-0.9556849569131192,0.0754901510011805,0
0.6271387851672978,-1.1793692307157686,0
0.20193665888671064,-0.7303116488959087,0
1.3887806257127395,-0.04936305984022571,0
0.9179776493254743,0.1506796264687853,0
-1.3697624014355425,0.39945412678206704,0
1.3542100266199713,0.30483546043899357,0
0.9575665782803706,1.1526193900452233,0
-0.8157606841532026,-0.8638654802753201,0
1.0195839086001612,1.2000693701940337,0
-0.4397358620918457,-0.7893883230765538,0
0.8415765457315856,-0.6755818933555917,0
0.9678429555410353,-0.2287852390537115,0
0.5026496978744115,-1.2133940584959955,0
0.2598253895264224,-0.9959573767654097,0
0.7106212348325465,1.0883912326296858,0
-0.8497805997276731,-1.2128563334395148,0
-1.4290842418609908,0.425914501329798,0
-0.8041587116520738,-0.3272820122834559,0
1.463356560644662,-1.0906807423298006,0
0.5854336621427816,-0.2870436956871236,0
-0.21540115522315562,0.6527932969745285,0
0.5773084539731088,1.473767981106565,0
-1.1148171316376243,-1.1876710518475009,0
0.6730164513862236,0.2351607510192273,0
-0.6775180003205824,-1.2617418930330402,0
-1.2430252512107085,1.182572623992355,0
-0.9243980258437713,-0.5298853136534377,0
-0.8200307933190359,-0.4350110825041882,0
-1.29172847176172,0.057179372724811106,0
-1.2971623092233553,0.9010695234670845,0
-0.7988637542687009,0.12003574381353177,0
1.1402372626843746,0.45263210714158264,0
0.0988733596540059,-0.5269987406538732,0
-0.5009942608254062,0.5084608655945706,0
1.4824180836635028,0.48551756954813596,0
0.1733502521100747,0.6919515307177382,0
-0.10438316314884544,-1.3195729721976444,0
0.18689044763372942,1.3728758535161405,0
-0.9740911729270211,0.5700146724619972,0
-0.8971989340228306,0.10748305341924391,0
-1.2099706510598411,-0.14888719122544458,0
0.7684899866857382,-0.45728542728305377,0
0.4947351734616541,0.8863498823691875,0
1.281533458438358,-0.7960737544336394,0
-0.30205225257207546,-1.0427519600087476,0
1.4774505064751255,1.2810029037728858,0
0.11987139084167886,1.0260998831292638,0
-1.2326267036519503,0.7658112614904238,0
-1.1168595490942956,0.978202890757585,0
0.8460842630111576,0.6262340932289292,0
-1.3915188584257137,-0.5906149321640142,0
-0.7106622902674714,-0.4195907775854426,0
-1.2370717597084844,1.3108734690931882,0
0.1614067221371287,-0.5834270680259294,0
1.2581759196432518,-0.009109551282509232,0
1.476474044469938,1.0542748732352871,0
-0.8744684569279926,1.2917856439317488,0
-1.1509008063435717,0.9523491254735745,0
-0.35813011957025975,1.1339229613352084,0
1.104170070322351,0.9177762003528636,0
0.8700913089211841,-0.5859625827058776,0
-1.2572421508462435,-0.29105946370451563,0
-0.979426455040474,0.5848532667073849,0
-0.4617008203866435,1.4268306025797446,0
0.42291623203599604,0.9674416909030827,0
-1.1024259817744548,1.0860434468178677,0
1.268271571540183,-0.038814243543192184,0
0.3187588132529324,0.7944294027089862,0
-0.9754841182187624,0.00769822939032716,0
-0.3040109166830607,-1.0608780235132527,0
-0.3973967331254058,-1.2954830718435193,0
-1.4225642791515392,-1.0945011325355316,0
1.3893453347675218,0.1485886076850509,0
1.39746648345966,-0.20250636500960395,0
-0.5645516007442213,0.018425588520732283,0
-0.18146493410126974,-1.1830059472147683,0
0.4224789440706187,-0.8518854524712012,0
0.35876386469348875,0.45060327719446014,0
-1.0439254406140557,-1.3159511186679955,0
0.8422847582053192,-0.12059872869203936,0
-1.3255086134835725,1.4845989515093017,0
-1.3266583170109,0.5851056865756594,0
1.4510367757902407,-0.7824596873522232,0
-1.0732518939384115,-1.1358451817327133,0
-0.5901745572972134,-1.19686256696806,0
0.5764840250823955,-1.3131246056098118,0
0.02826638444936913,1.4900905615589304,0
0.9419108085180565,0.34565831469303276,0
-0.581239137640165,0.3716875088749154,0
-1.1078688697794017,1.1598126457214004,0
-0.15064605353603255,-0.9161324645377048,0
0.9826136867006228,0.700843141684206,0
0.8079146809240196,-1.4669062067140584,0
-1.44242316953083,-0.7205603737648973,0
0.7808694693664049,-1.0886708828130027,0
0.10593039435777496,-0.8543943839482875,0
-1.4636376760683203,-0.7763956272013756,0
1.4276212647301616,0.9046113356489687,0
1.3787299329631004,-0.03643786822091277,0
-1.1707914039674896,0.14387846692107886,0
-0.13686799632011737,1.0330712482188478,0
-1.2057522576472661,-0.035276588934665565,0
-1.0498540059180472,-0.5259722193298201,0
0.7120712321633991,-0.07194561189370052,0
-0.12165969478204008,0.8550496315111706,0
1.1762540668207033,1.366004059511785,0
0.8607101587658854,-0.5537793127559618,0
0.5644041182596267,-0.18719062783382423,0
-0.7359881338618465,1.0226147382777677,0
-1.3847209531130251,1.2052859764062704,0
0.4780617666173481,1.185353222119609,0
0.41000904650162195,0.3418007542801853,0
-1.30004387831793,0.055224065835612235,0
-1.049492997548875,0.7123013061644565,0
0.03666576243802355,0.5406833376250599,0
-1.3749812981928473,-1.2456239518625902,0
0.6489701641880465,-1.28374699200398,0
-1.2862298167042243,-1.4636745742953376,0
1.3695041948984406,0.7125250783770207,0
-0.44024577449380753,-0.6103932561370343,0
-0.45089031076245134,0.8239605935435454,0
0.48411183321124307,-0.9444132963975962,0
-0.977671993997747,-1.204813050859808,0
0.4809081591040143,0.7931179866652078,0
-0.7048607150249879,-1.4371651169072615,0
-1.2534849975707179,1.4035801045350915,0
-0.6136656675677392,0.807669443514401,0
0.37399070656279143,-0.3541810810413124,0
-0.8829382134133347,-1.1358407455217807,0
0.3450389041166,0.8239013419133641,0
-1.3741463297050913,1.4054663327831514,0
0.896142574963724,-0.6215338898971058,0
1.439910988076552,0.3056447689089663,0
0.24726797462173944,0.7442195382885961,0
0.9353093642704127,0.46943582199450784,0
-1.1157127609014,-0.4851974820165048,0
1.284250920978149,-0.8261531644684442,0
1.3292275132341227,-0.7779218645024851,0
-1.1354958710972458,-0.907588530420188,0
1.1607747006278086,0.43743243796561804,0
-0.6422796322825196,0.9478408169058516,0
1.084109989090308,1.039543016070834,0
1.2567796009186631,-0.7432769394799152,0
0.7651257862388348,-0.11838150817757986,0
1.0259956586701846,0.6854720314848395,0
0.8293423394991741,0.4684855130432144,0
-0.9677136915908794,0.13508075669081498,0
1.4540092185735247,1.3121641994913569,0
-1.370478792608965,-1.0055555528116886,0
-1.1048136796363144,0.6779397299558862,0
0.9533559895708352,-0.8594659010679843,0
0.01755807885548699,1.0221090840336,0
0.6984046342987518,0.12671161647554485,0
-0.6073546460435383,0.19506597857704833,0
0.5666559061502721,1.1199687475824232,0
0.4088740619377442,0.7833646111294739,0
-1.019785095136281,-0.11532757674063032,0
-1.47200514051872,-0.7599634064351309,0
0.6793851453390145,1.4754298540480901,0
-1.2024657012383524,-0.29551705241613524,0
0.9002129060974786,-0.8878930961133035,0
0.16525484790685874,0.6992138880890244,0
0.347956350780537,-0.9359257961537516,0
-0.4338462939427816,0.8513753534561914,0
0.16267954239604987,-1.484311159371262,0
0.7829722800842815,-1.3940659351792828,0
0.7372013481936963,-0.8925583195042878,0
1.3742204403581404,-0.39617774609374656,0
-0.5192051509857627,-1.053335849002666,0
-0.5831873535293554,1.1299522854846016,0
1.4890030128817422,-0.3950714084794549,0
-0.1541681071363723,0.6662128146082109,0
1.1585873413952235,0.27913300256035245,0
0.5868544394904207,-1.490345209187164,0
0.35876801237952205,-0.4335209686759278,0
0.8825919938312525,-1.2210280805306035,0
0.4269765777156822,-1.305439216551095,0
0.5294038116790869,0.914966999042309,0
-0.690537839615357,0.975148230540186,0
-0.005232953209639124,-1.2688251625970066,0
-1.3243472122680624,-0.4972850439118175,0
0.8546909313344027,0.6230428042227474,0
0.8658448940172194,0.051807169324828095,0
-0.17940300613352833,-1.057642419881148,0
-0.5154217391720654,-0.19794190147837432,0
-1.2341987109611483,-0.8381641418663662,0
0.2946758821912163,0.7069893427175695,0
1.495042534178849,1.2993399940306731,0
0.40853209412469815,0.856954854240696,0
-1.144991427229838,-0.27028533091113527,0
1.0194068569068517,-0.34850114420086786,0
-0.9465712405990819,-0.41329367504313486,0
-0.49646613377420357,-1.4214098744038055,0
-1.4274247083259342,0.9950911310273205,0
-0.6807875700815628,0.054236298716446196,0
-0.6038232792336808,1.3220377353460213,0
-0.7221097234026788,-0.21102956178319476,0
1.1181907514538056,1.025800700375426,0
-0.941695746461168,0.907929929387131,0
-1.0995600827521685,-1.258195458728626,0
0.6838179209212956,-0.010616542934100748,0
-0.18944789215446134,0.6885246859571903,0
0.7965386969733292,-1.0232754969919393,0
0.33067544843292396,-1.0939377531669434,0
0.7541252580871372,0.47086546880141844,0
1.3698438632503738,-1.2931259509307365,0
-1.328835836546237,-0.6534387759203996,0
-0.7148829487922821,-0.7590636027840005,0
1.21876374156311,-0.7513614004514817,0
-0.684150821614107,0.778194787253891,0
-0.15078047264838013,0.8301316708655437,0
-1.3039015273068442,-0.03728641897984719,0
-1.399159199450152,-1.3120403896339363,0
1.219312360033233,-1.0822638866472145,0
-0.45797002122347186,1.1995000370618172,0
-1.4345298096735315,0.49136905852676716,0
1.3901833026406512,0.18050455038552582,0
1.3104673860992753,-1.3432263621419287,0
-0.2436200427775157,-0.7195266271138465,0
0.6924628949421896,1.44389127149174,0
-0.7304098126672566,0.4625238044222235,0
-0.9057071017207796,0.1959907637148297,0
-0.1082025399349913,1.4160159888946113,0
0.3255818180893997,-0.45148088373954365,0
-1.1577126453361999,-1.0462595137951962,0
-0.8240492101462947,-0.747100015979106,0
1.0518481735234135,0.18366836484757476,0
0.07017273412309932,-1.1556933843923476,0
1.080419080048305,0.6684429096254512,0
-1.2969949142999952,0.6235052916893062,0
0.13061465202793832,-1.2548239627596653,0
-1.0026763795101727,1.337094441000847,0
1.0499261144419858,0.5070670119873251,0
-1.3131806823543433,0.03750794631099508,0
0.9192108516985185,-0.12228036720912572,0
-1.3441302673371949,0.8588345981520993,0
-0.8959086535920768,-0.7241374953358837,0
-1.0058809397031123,-0.5093548053855074,0
0.7702545170659052,0.058157578511812025,0
-0.8853561775478623,1.1334902344561226,0
1.1387455648545877,1.1117352751380207,0
-0.7836113658553822,-0.1462819674570357,0
1.4549689684226252,0.8160374289299712,0
-1.4184977363233204,-1.304386226218524,0
-0.10820586956300171,1.2276606175846805,0
-1.1835789001301082,0.47034031417288213,0
0.9663094818006766,-0.358739977477313,0
0.8268355527759823,1.3934299617024348,0
-0.8887006226169327,0.06998889358422389,0
-0.6385861257462734,0.8785632571015181,0
0.893742478847682,-0.31208858201263534,0
1.2452702052211295,0.09908660173841977,0
-1.026135531493956,0.5876973545064073,0
0.879784051314763,-0.54971496879742,0
1.071537770996259,1.2184297642972992,0
-0.6692865378665732,1.450564418145666,0
-1.0778654158537249,-0.8939529947925301,0
-0.9473254822859216,1.181969130023611,0
0.4628776569748856,-1.0436871503331813,0
-1.2496077450318501,1.1472491052220164,0
0.9108106063246053,0.015620320729914816,0
1.4013798457775115,-0.2467170621747008,0
1.4523309571094933,0.5037599964108814,0
0.4040138197618244,-1.002135314112645,0
1.1457832749139318,-0.21753093623815456,0
-1.0132997826525618,-1.4621774400727228,0
0.6580608671074755,1.1707741590534066,0
-1.2617802460709115,0.6944894710210869,0
-0.9377641677072533,1.074531159471492,0
0.9571905415849682,0.12238126495663315,0
0.6307283958699346,-0.5569496604487548,0
-0.08649630320155621,0.9649106931314151,0
-0.017362658249100438,0.9847477573116552,0
-0.4943758578873818,-0.9787152205927686,0
0.6360420609923425,0.9779346381242453,0
-1.1980875644294,-0.7803776617321658,0
-1.0740840307170183,-0.4561757652535001,0
-0.14894706328376195,0.7464790108899195,0
0.4534427546450224,0.3627857024352936,0
-0.4428751601710368,1.02434265925428,0
-0.0861384978055062,1.4373148140454637,0
0.40242641488721054,-1.1212057753064917,0
0.5285326862263018,-0.5246879537049031,0
0.5589815900582922,-1.2910765555127828,0
-0.9753556884721218,1.0672117767173592,0
-0.8184613289294553,1.01112337572882,0
-0.6621717346367687,0.42864573017612306,0
0.5824517205294928,0.0379642594351588,0
-0.5840679699098061,-0.8620668708867116,0
-1.4004319363127213,-0.5881607962778286,0
0.4594883715938489,1.314914455345448,0
1.1136134467891559,0.7981943296059075,0
0.8653420297598959,0.49495471042798567,0
-0.719139427301991,1.2215850921174898,0
0.512196935717502,0.18132189294131984,0
-1.1670315923595567,-0.15883336858072372,0
-0.11892518639422112,1.0936908285680098,0
1.430400985531978,-1.167838220021053,0
-0.23235471506416605,-1.3739259744857841,0
0.719712362300791,1.254229656597452,0
-0.6598880113485317,1.0750250303973625,0
-0.6233453086143067,1.2323104849317454,0
0.7618857107903518,0.9147203305243159,0
-1.4459803331986365,1.3884310712220778,0
0.6800129762109699,-0.5857467138416,0
0.9881839945765409,-0.6554364047552101,0
1.1182615186983837,-1.1622588287641888,0
0.611057932382387,0.12209542993473099,0
-1.2103965894136777,-0.774318515223483,0
-1.4627878911680556,-0.0936961036064825,0
-0.5962042177199989,0.29507245289327644,0
-0.6082865768741484,-0.6002426654790459,0
0.7295795961948102,-1.3555714920649398,0
1.2086849855759616,1.0567916231735444,0
0.5034140496792197,0.279664710322153,0
1.1769074944189568,-0.9440094614138567,0
-1.2630925134275142,-0.7814694902713857,0
0.8837348361005706,-1.39598919982055,0
0.24842050525046888,1.4863125485739297,0
1.0670882815126181,0.06433706713076837,0
-1.309077272140073,0.9941205431571296,0
0.29693552453163163,-1.1552010088212996,0
-1.2184281455299315,1.228880458309777,0
0.5076007888142353,0.9878603979502665,0
1.1369367008468019,0.21531705614496666,0
-0.5491602366266422,-0.19621211742386468,0
0.8216389671904691,0.3057702930453947,0
1.1775698698645383,-0.16985995686243682,0
0.32126873615626206,0.39392265927596615,0
0.27509148691897645,0.6079013192565492,0
-0.7876995948755812,0.037091332637372076,0
-1.187325591574957,-0.34646601706556224,0
1.3515931577586104,0.3019531996450677,0
0.7307817485296795,0.018798178485608386,0
0.40231209412899394,-1.2872033515986798,0
-0.736825257474459,-0.4144407203845839,0
-0.08251993498045929,-1.3630537634928488,0
-1.079927707340047,-0.6695570766260827,0
1.4145980727031517,-0.5059589786908477,0
-0.05387682566375229,-0.9117068617848212,0
0.3323402132273048,-0.6579503534520771,0
-0.8790222646847197,0.049717885337937195,0
-1.4834826025187375,-1.477007902052324,0
-0.8427935726944267,-1.3898359124975366,0
-1.1759227376079258,-0.4834180519837452,0
0.9077570387394385,0.2161459301079025,0
0.03800317786924934,-0.6195335303756351,0
1.295261158298449,-0.3089548762884249,0
-1.2387216996126855,0.35119954835340383,0
-1.1584848195701958,-0.46433057159492375,0
0.022235816153426624,1.1226675740555274,0
-0.019360258979643996,0.6067762980949927,0
1.4784505169972109,-1.105532640306055,0
-0.6758054234414415,-0.3162717732070608,0
1.2228330076696645,0.6420979334005694,0
0.32371564227211125,-0.5718818464116537,0
0.9713711526638842,1.3651815344549667,0
0.9635948476506795,-1.4953046844255813,0
0.4092041105502211,-1.3465938556736978,0
-0.7271783389988344,-1.321425898956685,0
0.31138635884816335,0.5597697404778206,0
-1.1565370858022845,-0.34848335086506155,0
-1.136924998544421,-0.24315662943757377,0
0.7535341434252545,-1.2869770064002335,0
-1.2594599577542898,-0.43568612449204736,0
1.3251771348567751,0.5057179401687422,0
0.5360098700176943,-0.4142400274864051,0
0.2809823736256152,-1.4696064479167699,0
0.4082881392286266,1.23986084272871,0
0.33772040503445755,1.1210957803990351,0
0.6719191663982813,-1.1383247507889291,0
1.2073599218575253,-1.3006684669326753,0
0.10190241764329144,-1.073588628619627,0
-1.4648801678072878,-0.23389721961708299,0
-0.6148778770375313,-0.04199851860719095,0
0.2315996602036523,-1.3687827830731578,0
-1.130990114628763,0.17592718935127616,0
-0.4704979404820253,0.6875204626483438,0
0.456874945775819,1.0368130889697205,0
0.577478480007676,-0.2102067678295556,0
0.518899867183297,-0.6738564772337444,0
-0.581059503665362,0.86695547976238,0
-0.16074145079525337,0.8951410215550575,0
0.9672671210048351,1.0726870129838515,0
1.249905707523622,-0.20704433846011128,0
-0.5433995450365835,0.24659623978234158,0
0.616757587931474,0.5652150554764104,0
-0.37634133893963595,-0.9994193949037415,0
-0.2084119846133774,-1.0722175677542738,0
1.1702911055514251,-0.46236761778642776,0
-1.0366207583300286,-1.4236567202827475,0
0.43746715885945275,0.4107069523642297,0
-0.4781875002561251,-1.284864333457047,0
-0.27111331531430394,-0.5663475148098193,0
0.5313619192050281,0.31733774835807105,0
-0.40621881540738003,-0.8463223372350297,0
1.4641078984667755,-0.1379951364116554,0
0.5648227073407113,-1.0783410972649177,0
-0.0432309010218066,-1.4173898403916034,0
0.016365353731349952,1.392052221353107,0
-0.3473798610425993,-1.3830119622752652,0
-1.4071326272419693,-0.33603972015939165,0
-1.0199251906104179,-1.4299437110154423,0
0.7686408418505306,-0.12443097335432807,0
-0.6322656840820364,1.2002495490494423,0
-1.1515831193984232,1.3677564868659577,0
-0.5580998478679415,1.165211016926044,0
0.3088286294383846,0.9801220792244623,0
1.4520394896313928,-0.6347836865437628,0
1.383406456222779,-0.33155431529273893,0
-0.34346428578923316,-0.47883868723648293,0
0.1242228220427557,-1.0375648704645388,0
0.78570543781461,1.0009498858127568,0
-0.17867594906272788,-0.5930002519455188,0
-0.7219953080487166,-0.9161284898853842,0
-1.3270572534029252,-0.47265606349585987,0
-0.6892569236076502,1.3992521575992223,0
0.24140280298108796,-1.0824098959629134,0
1.4815451666990946,1.1409442864467811,0
0.36198143947375216,-0.8960636765327002,0
-0.3145867702070442,-1.381621401327302,0
-0.8167507916903712,1.3920865414965413,0
1.2283638328117261,0.6664297063677176,0
0.10015988629608774,1.1099074789430547,0
-1.1080429685296114,0.8715293828246549,0
-1.125537558099455,0.8826319876482165,0
-0.6726972952459291,1.1312717430545667,0
1.3321262814761936,-1.053612091784653,0
-0.11197318480381946,1.4429621344880554,0
-0.049777692080560154,1.0906425675436355,0
-0.6426493334223894,-0.8903307267417382,0
0.7853945741330914,-0.3403784795309164,0
0.2318370876993936,1.0967314368736565,0
1.442218030750288,-0.27724737427854906,0
0.9825567663189094,0.7935833839641528,0
0.22058685436671976,1.3681414308357995,0
-0.8985764534147916,-1.1722073690711357,0
1.0618859008662662,-0.18255055009875498,0
1.0409065626211813,1.179270615586245,0
-1.3126272191427857,1.1503942889581822,0
0.3797775332796307,1.2791478201902602,0
-1.4426517167107078,-0.0694695950465487,0
0.5631661272916819,0.6681208730946855,0
0.5775972946113237,-1.0966946117756344,0
-0.6018132348849563,-0.42385342374895973,0
0.9133116230385152,-0.6637203827563409,0
-0.8678851083983905,1.3723440571142884,0
-1.4734101446595933,1.4934625670459347,0
0.5304638965721868,0.9854078983473511,0
-0.6161418109614205,-1.45705416699882,0
0.7136085556845901,1.0024337910020273,0
0.7214283958605572,-1.0714491380974842,0
0.7602837667709075,0.8067683463229232,0
0.47562154701016457,0.7983477983867586,0
1.0377643190331964,0.34081234271237526,0
-1.2341858580909628,-0.037116570998367404,0
-1.267051995985185,-0.2773709069027075,0
-0.2786805326231172,-1.3019704675792751,0
-0.45353839809156193,-1.1670057036260555,0
0.9247056300276664,1.3430640778934122,0
-1.2830505742261842,1.3653456218751043,0
0.0677297980102356,-0.6013029661383783,0
-1.2694137741715095,0.0018728042112534649,0
0.8835466334722462,0.6212594318000946,0
-1.3493219656080786,-1.2812944938962896,0
-0.2913801521020887,-0.6141285178561702,0
-0.8028470308318565,-0.6569865032738592,0
0.9104482298906538,1.2876841608955618,0
-0.28469191641730074,1.2183330063974913,0
-0.5355128962563541,-0.07068904096862516,0
-0.8219130065520008,0.4214281265275319,0
1.4369433455244267,0.3104792881301359,0
-0.4265577476593534,0.4434523379715851,0
-1.1312379646038373,1.1659772407961961,0
-1.284672581320461,0.5478516636702073,0
-0.7742049590534112,0.6418578975197695,0
0.9676043831525902,0.911875522657561,0
-1.0713721159817648,0.8260384512094068,0
-0.6857718586598569,-0.009913731546160376,0
-0.6471777212174499,-1.0985149110009207,0
0.38867309067520983,-1.3370038955312884,0
0.7459357023786,-0.54723961421665,0
-1.4995959209865442,0.033387417711689515,0
-1.3594442744171906,-0.6714913265373016,0
0.6209294623671484,-1.3119311351344023,0
1.018015477068007,-1.4885402320242507,0
-0.7595283923942933,0.7227121684562143,0
-0.5511895508120797,-1.1943228358019593,0
-0.41929824359871626,-0.6888201408464234,0
1.028135706481665,-0.5599562472445706,0
0.8667974153280218,1.1756164344322042,0
-0.1985477412704113,1.229829431563176,0
-0.36804583811042146,1.3922352494703247,0
-1.2321314264232812,0.5610577995097281,0
0.3981356362458026,0.6115712749029933,0
-1.4869101910490727,-0.9991407337584038,0
0.639138151902956,0.4991562407346195,0
1.3981425153860316,0.783113370752349,0
1.352318123194014,0.6076215046044209,0
-0.6058433740816705,-1.1839052332474305,0
0.8454715900348067,0.43244766442774774,0
-1.3554419628201113,-0.4198486022970651,0
1.3703994464528586,0.0012034371306035574,0
-0.8733518279845088,-0.3938784874056145,0
-0.39056023203847,-1.342934939437583,0
0.8027028855537548,-0.25048670428836317,0
0.96653966044927,1.051044003359686,0
-0.8640178359040258,0.4720604465103857,0
-0.08315458751105487,1.1404702137644551,0
-0.8527779624706376,0.5334396009301328,0
0.3232563667581676,-0.6140955672845017,0
-1.0901972890464822,0.4549192814318297,0
0.7157923743969921,-0.55311796870995,0
0.4344978120669414,-0.3146072771654902,0
0.6396206498478532,-0.9023541753178407,0
1.170645007908523,-0.6377712106032608,0
-0.3966420367315413,-1.3257241437589506,0
-1.1654633630361708,0.04758570813698437,0
-0.6972219698160855,1.0064406772265833,0
-1.4559198340351385,-0.3627178539841913,0
-0.487963359692722,-1.4420171072471968,0
-1.1268948029984693,-0.2590719752440942,0
-1.470228536616493,-0.10771452163948836,0
1.390497722662765,0.057096840388646264,0
0.5326268023768597,-0.5644084262493504,0
0.8219741344582876,0.8187644456283452,0
0.06388814296241696,1.4280414698376407,0
-1.12334935571204,-1.449157005331257,0
0.8104746352712882,0.9214666120946475,0
-1.1393783126382713,-0.7032515011241818,0
-1.4473429099001134,-0.6200741676583059,0
0.8194256217560145,0.05388158313773683,0
-0.45571322049513574,-0.38478211528100914,0
-1.4959391228535956,-0.6005984173042923,0
0.43937622491379136,1.4225833314490712,0
1.0411824809516985,-1.4292151060634126,0
1.195681814024518,0.8495952398958777,0
0.8411283707129411,-0.12601272298928556,0
-0.30598412113649154,-0.5912528135004221,0
-1.3029154231369027,-0.8152939095189027,0
-0.7601890950659261,-0.04776879086939534,0
0.742333219790082,-0.07857051480616017,0
-1.3264666516585182,1.3733694029646117,0
1.3281729572823369,0.8555686294452252,0
1.4739837046926616,0.13344699840078889,0
1.3883050507596182,-1.2731848781497477,0
-0.40295775521588606,-0.8238561959797025,0
-0.9125007475971899,-1.0775911533219718,0
0.36724092469798997,0.8439655672419151,0
0.23489519826108207,-1.059111871235371,0
0.9333713098004126,0.40786412149118556,0
-0.3355028816190133,0.5223908866081888,0
-0.7202850622715015,-0.4644233745173685,0
1.2524575293959708,-0.6284864829857388,0
-0.09003519552619021,1.1704234121880441,0
0.6231640508025826,-1.3133903215058917,0
-1.0580908671630889,-1.4764752276842494,0
-1.0971754472931734,1.3738023631703111,0
0.08897917183685955,-0.7743201176613325,0
0.0018107134641227596,0.5388609982053234,0
-1.2712823460793066,-0.675888554856324,0
0.9208964726519806,-0.12100538879201617,0
-1.3683001720709846,-1.0027506605395322,0
-0.1633750837743273,-0.8724436037762165,0
-1.3500629140209637,1.030948992155471,0
1.4435775874923475,0.8794286219902183,0
1.0613547651140012,-0.7740686090488639,0
1.3818809265395995,-0.9092228866397148,0
1.3542894310854967,1.4844578818978533,0
0.6351684172381464,1.4434311953754655,0
0.2086193387013111,-0.721374650471729,0
-1.280755313918955,0.3670297938517382,0
1.4435335102868834,-0.9296770506488171,0
0.8777853488651499,1.2236963813388582,0
1.3311047784606624,1.3804068132163416,0
0.06437891616441593,1.4319237239745108,0
0.7719306214033166,-1.0149856912891142,0
-0.06929968059609015,0.6549935261160118,0
-0.75797905254275,0.42184555064666207,0
0.4998014371398578,-1.0119007685743022,0
0.19525593735826874,0.8148807329358232,0
-0.0033130063921742448,-1.4636906496716777,0
-1.4728845927621235,-0.42891196808996357,0
1.2785822052953462,-0.8139696611891737,0
0.40309106661506133,-0.8337723879200383,0
-0.5349900310213541,1.044126268804452,0
0.6865843268098404,-1.2138021680603681,0
-0.21389393704069914,-1.4124907090642065,0
-1.1444921292055454,-0.633345183272503,0
-0.30649012349352933,1.2585930739681492,0
1.4797650462688923,-1.3652661030131523,0
0.7830237704861762,-0.3848278007929702,0
-0.3226254413115599,0.7627949200410682,0
1.255279296436226,1.3527857835076453,0
0.862647257576338,-0.7469958502130992,0
0.4698932211236282,-0.7788032613194793,0
-0.9252211627955227,1.254717260026311,0
-1.1945889511513892,0.017873723204794967,0
-0.8374416511109732,-1.3832101100229977,0
-1.391943545125721,-0.974334683682518,0
1.1003110635180007,-0.65256376806892,0
1.3513775117258873,0.24486687896758053,0
0.050095155678803405,0.7763287612719756,0
-0.6525118020814432,-0.44084882519909296,0
1.182282907599752,1.3393695394512166,0
1.1776746824594237,-0.24165601812805937,0
0.841096509020645,-0.0709928000967035,0
-0.007380443561693539,-0.8859596728281481,0
0.27339090977554936,-0.9415923067399562,0
-0.5053059027984187,1.0650906048598054,0
-0.8787725723674343,-1.2865251444797017,0
-1.292977222161551,1.3223535615093236,0
0.9326357430237553,1.0074777837315478,0
-0.5034269006531862,0.5808541724213856,0
0.8133684475556597,0.46395206059786354,0
-1.0452147755997019,1.1276492505511708,0
0.11728365820802611,-0.6525827208899889,0
-0.22431544368691814,-1.3872867288032777,0
-1.1163995963327473,0.7966402515475828,0
-1.4999650957339017,-0.25030251455312347,0
0.06753054325676544,-1.3360967399970831,0
1.4192344889169988,-0.8216240062509842,0
-0.5874038410911574,-0.588172463234918,0
-0.8087500136479503,-1.4955785337410656,0
0.6880343822639889,1.4005364993978562,0
-0.8271195501448648,0.48914157541026726,0
0.7256889808761455,1.045276137271574,0
-0.23211240895917262,-0.5912072830787123,0
-0.5241145979309066,0.6378639992955386,0
0.9503383995169079,-0.955158096730192,0
-0.3871769755267045,1.2058205902474501,0
0.9200805590842176,1.4545752082874275,0
0.7627447790462423,-0.3204143969162332,0
0.2719135019839132,0.4830427627419609,0
-1.2646325510486283,0.13349087731159526,0
0.6279624854178287,-0.9980360879968189,0
0.8418951522766713,0.2513183415423348,0
1.3566653570927838,-1.372733105379325,0
-0.7040215873335991,0.3046616378994722,0
-0.6103202633822079,0.6432724922137267,0
0.7770158475657931,-1.1924521078005768,0
-0.3921576893533767,1.2987745877090164,0
0.9825189596196635,0.5916281457289103,0
0.6429799072049924,-0.11485156856064282,0
1.2629835632897275,0.5837862817598563,0
0.6869431849674492,1.0850727113620358,0
-0.677785231973427,0.9212127116001092,0
-0.9142781911305239,-0.46397414326533637,0
-0.49316863719047177,1.4355764051674216,0
1.0696116712437806,0.6035095847707792,0
0.6811702848461705,0.18621838320771333,0
1.3412720013255575,-0.011223741352915262,0
-0.35844687039031653,-1.0108939892052269,0
0.8586169567831741,0.7033317962267742,0
-0.34693488442759524,-1.424419758122312,0
1.016991983154032,-1.465746049637779,0
0.6110993388871528,1.4107713291781714,0
-0.18701601555538971,-0.7950797850121417,0
0.6146130301301449,0.9513844260467552,0
0.13929094823354182,1.4011058257684388,0
-1.3449938350261168,0.0143867949135843,0
0.6553618419676503,1.0879214134475368,0
-0.9622331642766299,0.900010445291044,0
-1.1048549142627193,1.0958872767267374,0
-1.0281803754608538,-0.5706364223727023,0
-0.6298634041126894,1.1142421025725628,0
0.518108982626694,0.8900441915741171,0
-0.7485963036225031,0.37462229882099685,0
0.2152379494312462,0.9984911303648132,0
1.2182611814437818,-1.4635296855678397,0
0.5220597571763781,-1.344492602640813,0
0.14657599523206777,-0.6371018128689654,0
-0.5796702014335764,-0.4411244896429303,0
0.36387734714883035,-0.49785010299369237,0
0.698097151770841,-0.2864178432783908,0
-1.294940399070124,0.8512795274523217,0
-0.642725026221882,-0.2016993612022122,0
0.5563316496657045,-0.502631528553864,0
-1.3302430315598532,-0.37823685896155923,0
1.3333457480829103,0.4252031918956747,0
0.5144374460016206,0.3968464609129194,0
-0.9030235831216896,-0.2449984076931595,0
0.7528193950899547,-1.1958813073405226,0
-0.6664416717308632,-0.6710426746024392,0
-0.2039432172164819,1.441106222826555,0
-1.2974923599485342,0.05610298314178497,0
-0.9619059539633686,1.4120296362292324,0
-1.1600894858176074,-0.28919699291522627,0
0.7136549545038187,0.6136632840823357,0
-0.23181408931820324,-0.4604274961418453,0
-0.3071628643413882,-0.7071712105240822,0
-0.8840011838796006,-0.05088090732333006,0
-0.694398731797178,-0.6376150053082497,0
0.4702681904236712,1.4056119950996768,0
0.31091160167812526,-1.2690615988051013,0
-1.2732491584377992,1.354269662536698,0
-0.6081276290779991,-1.2237990417525737,0
0.44551446035606457,-0.6977939164273761,0
-1.454667947356575,1.3950461083634158,0
-0.7473208629266925,0.5280788641576426,0
0.6198896096361288,0.3300222512384572,0
-0.5612778173590554,-0.6867112387078027,0
0.29300484810810934,1.0982869008350744,0
1.3402011867701868,-1.1822825867887272,0
-1.0355141622068404,1.334208776349239,0
0.7096056850043775,1.148981474489319,0
-0.8921020975939705,0.2627576133282057,0
0.6034187832524207,0.5403356563409178,0
-0.27554492739990577,-1.4538153249260746,0
0.24877817041278938,-0.7406953824611737,0
-0.14923726157132888,1.3727430452514522,0
-0.30289404707269574,1.0194048199932801,0
-0.9343781827522466,0.5173814940750865,0
1.4310208633168306,-1.1943206973811895,0
-1.475040173318424,-0.19925162210215697,0
-1.2221235508458985,0.7451530490286942,0
1.2436459915456766,-0.1979370818737234,0
-0.7238650735336771,-0.19679004298017055,0
0.6703434535500028,-1.472837515258887,0
0.4130647406878065,-0.7739337600573684,0
0.6421581701343801,-1.2258255410046708,0
-0.9021889905995976,1.1324101399634459,0
0.7161694521796989,-1.4587633379659644,0
-0.7548712188905994,-0.8567805510205063,0
-0.6875810158890823,-0.7573206891603408,0
-1.312421112771463,-0.12317845020953899,0
0.6982004243584954,0.32019517415230925,0
0.5186150057942394,-1.2565524643912824,0
1.3544721305303615,1.0154755015290746,0
0.9152709554869882,0.9689514151253027,0
1.298131524398284,0.13276189834109298,0
-0.8991539463971223,0.3503508235576236,0
0.7286444810038168,0.7137521800620763,0
0.06434707250064031,-1.294623841999266,0
-0.38666118470961663,1.262299825390072,0
-0.6934394568534195,-0.39465324025026316,0
1.1860382674595078,0.49938914258050726,0
0.8621610802569988,-0.1369637307970346,0
0.39074165836847374,-0.7548491737703774,0
0.6163824908504587,-0.21719599888998808,0
1.30884186440678,-1.3079809601741372,0
0.9742297120410228,-0.6228506687634207,0
-0.16824163648086654,-1.4342600136749732,0
-0.5968617664970609,0.007893727890391444,0
-1.3314717679576829,-0.026712811850504448,0
1.2813318865752819,-1.1838203456765843,0
0.793322184226513,-0.2709868398720221,0
0.4655211435730142,-0.7192902060443119,0
-1.021523212375925,-1.0186121571863207,0
-1.2885241630705662,-0.9430598852962709,0
0.4926581549669047,1.145071835530524,0
0.9423770567734855,0.5554029296234524,0
-1.168704409766692,-0.6324376611121505,0
-0.5705793740325931,-0.7501291608071363,0
-0.4293420744866694,-0.43863252379069184,0
0.9856667937182442,0.8678785449590567,0
-0.5766125049577631,1.241365331619778,0
1.358445051007518,-0.5197723739098775,0
1.3233624376010207,1.1289582994269347,0
-1.1922961122492306,-0.32180777018575135,0
-0.918410796189322,1.076450313504464,0
0.5308223489905122,1.0137251245554109,0
1.0762928380484165,0.745067560997219,0
-1.0189037816407707,0.5209362524247232,0
-0.9622402327821578,0.5818487715304705,0
-0.811205517738094,-1.14734609954934,0
-1.0041465295711278,-1.494023594342789,0
0.6562188535605906,0.6972031471751374,0
0.04480004973977847,-1.015911596833849,0
-1.2493369874679308,-1.4426131006881389,0
-1.0027554691043379,1.17256660494944,0
-0.7753894748949547,-0.43718601834835313,0
-1.1839635465560003,-0.8329160857554891,0
-0.7639430575013668,-1.3268035223246484,0
-0.32690139261780393,-0.7973898872209976,0
-0.8413382303105942,1.379588408140366,0
0.12271501151424236,0.5892894211083215,0
0.6064382885454882,-0.9849182768836513,0
1.1115808988081524,0.3942567636551293,0
0.0975121992479453,-1.1538160734632479,0
0.31691366797023424,-1.1483882829592997,0
-0.4883802733027438,-1.0714741055570043,0
0.5762209410731067,-0.8812436584915422,0
-0.324421880435922,1.187024332856336,0
-0.8870508498030891,0.02341519187633745,0
-0.24218501650193414,-1.4456278768628108,0
0.8782743407184386,-1.292862281056201,0
0.3852793698437611,0.5658948879236267,0
-0.7401828494318548,-1.4700636700246519,0
0.670330987064736,0.10696979804273576,0
1.0083531096217464,0.964165088702083,0
1.0299785033636493,-0.044716020061379425,0
-0.4991148124894029,0.8746746077741099,0
-0.14611766091223521,-0.9496734107896965,0
1.0649220586844228,1.1476796303170418,0
-0.10107073157948965,-1.2729008180706376,0
-0.3365217302492063,0.9106129783878103,0
1.2053220856386861,-0.8895817725072125,0
-1.2990791639241854,1.132051359398516,0
1.4041974361522769,-1.3003058162573313,0
0.44495402235628667,-1.2776837322753987,0
-0.37359321460049877,0.9114436355803401,0
-0.1995833017330968,1.491547061708851,0
0.17717785483980641,-0.5365135420921395,0
-0.8396660222857406,-0.4484383971415147,0
-0.3824001787213476,-1.293858966828117,0
0.6682132567164141,0.4701884541648238,0
0.6262969656874628,-1.4749089543694287,0
-0.8469978012583919,0.48505286519956936,0
-0.04803189546075859,-1.4840595729949622,0
0.9134839272954669,0.8184287198710121,0
0.1452574889806879,-1.3006100226711836,0
0.7995451485977538,0.25114076319409184,0
0.8458799314738776,0.7552409771875213,0
0.9090062158735113,0.05402419921387436,0
-1.079026445419455,0.5134724201390659,0
0.3614213551559118,0.7267595615972615,0
-0.9903569818477941,-0.9150744002991323,0
1.1712285516579852,0.7499333953562122,0
1.2246854661009685,0.776145963491762,0
0.2914659179709056,0.4623982110836211,0
1.1673837718200297,0.23642026353582146,0
0.3971739729851622,-1.0305698519891981,0
-0.07823633965169186,0.6491913358742969,0
-0.6871719050509038,-0.8932374584263952,0
-0.5585195753267533,-0.7754981160214997,0
-0.8552620888908125,-0.22544747139573929,0
1.2235155416506025,0.02117894021615485,0
-0.9362388575540309,-1.2690849918573779,0
0.5884684354137759,-0.3516037066908364,0
0.9654928397560778,0.47853230592231055,0
0.8887243516241057,-0.6841618817446538,0
0.5770767673831743,-0.7078140459188437,0
1.3172054383508747,0.40912284460012316,0
-0.5264645994739737,-0.6914644131231821,0
-0.9272202447850695,0.5839228766811835,0
-0.8438531610062181,0.28590979778246717,0
-0.706094919223928,0.48590683438160576,0
0.9448191856216175,0.8340757294339594,0
0.7825539927923453,-0.9368327829232438,0
-1.234845159046444,0.5968464854621569,0
-1.4065527216198268,-0.7212706521748524,0
-1.3989707883766078,1.137557317803743,0
-0.7698099503444086,0.17201150871902415,0
-1.3830620380166088,0.5005421739169744,0
-0.5309179627377184,1.1937575608729976,0
1.1643545668021074,-0.5241281449147567,0
1.2028826870714036,1.4884730204963366,0
0.976246992371844,1.034614043265687,0
-0.7529737916727303,0.23010719657326906,0
-1.2982322580978964,-1.2152461895349909,0
1.496677836099872,-0.5200822517222672,0
0.7445517361465392,0.9199951590804494,0
1.0740698130216875,1.4928848922064697,0
-0.7755105442293965,-1.3789475194209009,0
-0.2664254460162421,-1.1097579905131592,0
-1.4327223325138347,-0.4187195185755417,0
0.851214753225709,0.1985420736752126,0
-0.5616660323689379,0.463026016478159,0
-0.8039454590735678,-1.456855661783745,0
0.7930601593092819,0.37122925459202727,0
0.78690787350288,-1.3831859499370032,0
1.0113588834919565,0.35857860010890996,0
1.0932997406050924,0.2608095196767213,0
0.24285113966453808,1.4720374711972974,0
0.770190501205704,-0.17311858364659427,0
0.6221910000987831,-0.33230858492463455,0
-0.813373612549503,0.2905556306632784,0
1.2845462943418546,1.287418560046388,0
-0.8650923042904164,1.4868933284966506,0
1.4433537236038072,0.4485267891223419,0
0.9132421790324203,0.6453004838511003,0
0.2794746571184046,-1.339956009033307,0
-0.13570697234201679,0.5243589065022318,0
0.5325948416510542,-0.3806321447328491,0
1.3250759599740918,-0.997928903289657,0
0.0010783386466819422,0.5726519296524684,0
0.5914074176754278,0.44591687030644667,0
-0.6741353596444195,-1.031380293940134,0
0.4078209804801327,0.2979063484183131,0
-0.9619319691322771,0.6154174367116898,0
-0.13448402479903088,0.5032817748094587,0
1.0121012393104518,-0.9908147142692305,0
-1.44256539600949,0.8373077591873601,0
0.3290922754578478,0.598918708866365,0
1.0144649249659277,0.9084328044735015,0
1.3827604407864742,0.10780523655635466,0
-1.0389268714673863,0.21782169864606726,0
-0.6689624270220637,1.2639225366389262,0
-0.43522601736896993,-1.3440319440668775,0
-1.4047687038810341,-0.2299945675404076,0
-1.2463038657082866,0.3205408666204175,0
1.142919016918972,1.1487444495561663,0
0.47713623039669706,-0.866304505581207,0
1.088990494076616,1.1582803059396243,0
-0.9100392451411239,0.7122782573120316,0
-0.6404413532186312,0.9079209370587891,0
1.4917136997108082,-1.4099219840118216,0
1.1920975973727956,0.36789160079597405,0
1.4201478574944635,-0.10497144742071729,0
1.0421637917141213,-1.3128177942051682,0
-0.4941628497651127,-1.29895038674637,0
1.4260294004372116,0.9509217218155102,0
1.0576422637379115,1.3138956943016824,0
-1.244689541640644,-0.3432072224599998,0
-1.2868953328679935,-0.8676206953499142,0
-0.8119026688869829,-0.09267836685726394,0
-0.6943134976390722,-1.1970656795467167,0
-0.9975267327176769,-1.058173309343727,0
1.4192303937368949,0.7778775207554207,0
1.403284395808686,-0.1807785404762745,0
-0.6648945550120302,0.8948795916275598,0
-0.5212382458765596,-0.6018498788839551,0
-0.8024820233765064,-1.110963065327294,0
-0.7306108169497021,-0.4340407545783369,0
0.5219826244371912,-1.3123054733416453,0
-0.8684791810039711,0.9270709208750292,0
-1.0592342292486876,-0.4720645604324354,0
1.0939767655744204,-1.035224066569672,0
-1.2517894931454303,-0.04638601475996751,0
-0.5927414661643908,0.19022509345156235,0
0.9114146714504257,-1.0885545355417705,0
-1.0677636419604013,0.3719954565869472,0
-0.6790787464176851,-0.03649704436796242,0
-1.2531830271688142,-0.12124782835913095,0
-0.580609595871539,0.9671436335560628,0
-1.3290638190078952,-0.2441781752450103,0
-0.12470572760568599,0.6750182288973563,0
0.222862725270633,0.501637011582543,0
0.8311478569552682,1.0866089209745664,0
-0.5583735098325885,0.11406811609170875,0
1.0203242353175996,1.4683533928951693,0
1.1685579331312894,-0.38559821212686973,0
-0.9145004483440488,-0.03182238778023372,0
0.7249243555081266,-0.022292787740107123,0
-0.05045741005899451,1.0146912632454015,0
-0.41578866279844107,1.0793840244349369,0
-0.27958559714482933,-0.5153006829649818,0
-0.138030266400903,0.7873408760246052,0
-1.1219939164080173,-0.9107423523839479,0
1.3543344769892758,-0.9735251178559279,0
-0.8105198226071447,0.15798680333024473,0
-0.38348023425930844,0.4850017788875671,0
-1.0763293698805516,0.21263225051842882,0
-0.9441889338500289,-0.6640708106548908,0
-0.8438705990292503,-0.9514866603935487,0
0.9771328546820008,-0.642877297017329,0
1.2813713455933478,1.4097795760355725,0
0.213781409811292,-1.0709966320028208,0
-0.3763552698612562,0.8931967900446418,0
-0.39782781390878874,-1.2389483450916337,0
0.1703547327845638,1.0353625544881044,0
0.8877791614305073,-0.9746305796089403,0
0.5182938432374002,-0.8384872096930587,0
-0.8453773963434833,1.1222153199155556,0
-0.7509931417793095,-0.7102579604459665,0
-1.4980398277161013,1.1120071023765528,0
0.8777844396274039,0.3819868052720339,0
0.7507972918165269,-1.0438542977265246,0
-1.2186704212289505,-0.04160854435522765,0
1.262218951027906,-1.3798226428479166,0
-0.6256172595186184,-0.8773771913828896,0
-0.785560039002911,1.2253036556381258,0
0.7817269273658471,-1.0365233879852225,0
0.2907320716399684,1.4986731097513157,0
0.8083466822461411,-0.30640289094771855,0
0.982659156822141,-0.9878749100625595,0
-1.4086089410731195,-0.8866548826071808,0
0.3453874216235995,1.2318171516432654,0
-1.3492709705310535,-1.3952653420313286,0
1.017541184940896,-1.0179612458644645,0
-1.425085013648851,-0.1528836962096225,0
-0.7875643297432275,-1.3511568799834877,0
0.6737948605428867,-1.1652210001282577,0
0.32495850002331506,-0.6568507494993325,0
-0.9795118489349339,-0.3607454312420475,0
0.904337328668861,-0.3237192692862818,0
0.7523089476331672,-1.1235411096025478,0
0.8183142589952372,-0.7892000252800541,0
0.5321793896666183,0.19734466452298904,0
1.287434151635062,-0.3380324460740578,0
-1.3015044334966785,-1.4425335433462414,0
0.9805756829182593,0.07420691298429638,0
0.8257321555048476,-0.7967231999654559,0
-0.4647487634602987,-1.4096883833660432,0
1.3844769737223364,0.5036037201024404,0
1.2996152632779188,-0.703510777712783,0
0.3343908336769825,0.5354999048779137,0
-0.5473508992272347,1.0443277050468902,0
1.3414843887007435,1.154565353088013,0
0.7172009278181175,-0.6676059608251379,0
-0.6551518736831048,1.3900809613381138,0
-1.469146512192924,0.6481499197264333,0
0.6187384876657864,0.36806862284939235,0
1.4703265382605974,-0.5643616927088243,0
-0.4800844086202556,-1.2631817911603334,0
-0.17160559036878764,-0.7168544212954557,0
-0.46983989346706734,1.003715370766883,0
1.306453540582487,-0.9428007839844431,0
-0.3824732053396023,1.285891686346182,0
-1.314574617932332,-1.2229184156658643,0
-1.011627032381312,0.28563850238062427,0
-1.0485831869820075,1.4042291443522004,0
-0.7600241525837805,-0.0871192426957994,0
0.4857408979110347,0.753531410862128,0
0.7616042481297391,0.23367333808226487,0
1.213079324981572,0.952223541918328,0
0.7711443440958763,-1.333183434958618,0
-1.479366113341052,-0.8626581684135811,0
0.49057078174035684,-0.26640753335236256,0
-0.2927812221020649,1.153760664688841,0
1.1866885443955164,1.2275257921607574,0
-0.5583657704549181,0.5731674382177854,0
-0.6851004561768911,-0.9281705007766506,0
-0.9461026279578924,-0.4736771374092179,0
-0.21012714066053473,0.9928475131652053,0
-1.1403267195818638,0.7047775421846825,0
0.09436474256791616,-0.6361639719720226,0
-0.021541246401526326,-0.6001737906689321,0
-1.006783412763364,-1.1502507763329097,0
0.14008704621639056,1.2072390998583105,0
-0.46812694032694324,0.6990003216678695,0
0.475984064819301,1.2946647429284432,0
0.9629430518974225,0.19981577671638906,0
0.4710914947023219,1.1951593997521046,0
-0.3014436462391956,-0.5196158824266679,0
-1.467566749094411,0.9796532225743926,0
0.9029421012100949,-1.1866364456995457,0
-1.1438727134726656,1.4417046811821708,0
-0.8559123376099337,-1.2982974597283166,0
0.28454213850572874,0.7166000313990981,0
-1.402669661858439,0.4761529161810665,0
0.09687562785436343,-1.1902049733748548,0
-0.9824283691609138,0.20392289194824142,0
-0.6109271594601349,1.3149471859539483,0
0.9562206884521522,1.4507016195409892,0
-0.720987483148758,1.4091708983939313,0
-0.2062983906253264,-0.4574436140587361,0
-1.3489514190919403,-1.341704226421192,0
0.5760337678399639,-0.1262130166979163,0
-0.8204351218916829,0.3419109189756979,0
-0.7414256452496665,0.23289526303326769,0
-0.422373759051929,0.9706566798354572,0
0.9620884823003379,-0.06794880563279593,0
-0.44754267199495334,-0.4123206103227164,0
0.9171435770046537,-0.515461551607164,0
-0.8728218788794619,-1.2459349743740795,0
1.0227261312087217,-0.8362839106618081,0
-0.35702617899480016,0.925217216681073,0
0.9708708322469204,-0.3461667720636954,0
-0.12262793013995732,-0.5901423274521512,0
1.2976646352579362,-1.1440687027752592,0
1.30124826900441,0.5515993555060295,0
0.09471645806019358,-1.4020228176465124,0
-1.0163435640746323,0.46922881050197063,0
1.4134527221048572,0.18656643319357524,0
0.6442598293318373,-1.2946486423019496,0
-0.2469990125490158,-1.1509245445065124,0
0.3383875066095312,1.3154464746424637,0
0.48533319741491554,-1.2695908550567354,0
-0.29037673160024324,1.000932031425517,0
0.9440130141299674,0.3354930603096644,0
-0.37962616460188414,-0.7339908787102676,0
-1.182377045360612,-0.4353069495403379,0
-0.26048244837684154,0.5274687753122209,0
0.4744794728927204,-1.2896755810762293,0
-0.3142220537065268,-0.9546633983479142,0
-1.029561884049583,0.9819064492117375,0
-1.3742543498512274,-0.2424513722936359,0
-0.9953890327004454,1.137990647035422,0
0.17112153982510536,-0.8058580908694559,0
0.0072818614991292385,0.6944590791093477,0
1.3743540267583012,-0.8386619872637432,0
1.1585453163880355,1.302912342502471,0
1.2492616335961988,0.4062430705857296,0
0.7571936469113636,0.0938820550527959,0
0.5323142136848835,-0.21462628845361365,0
0.6944893921294173,0.9734145528136473,0
-1.0606912301915516,0.9987891467226842,0
0.1208895953709217,1.0339977272706729,0
1.2451821975516673,-0.7464921973547961,0
1.0326369758584293,-0.04793828247178755,0
0.04228632765377904,-0.5745951555315479,0
0.21912660185704702,-0.5243664111713661,0
-1.382191757275043,-0.6840041839669319,0
-1.480862869780228,1.43506436117057,0
1.3972416294592422,-0.31453410758308475,0
0.6851125630189379,-0.46258170476872507,0
0.513279471257928,0.9162901291379373,0
1.340268734076722,-0.299363172450984,0
0.849893948868143,-0.7022146481036436,0
1.470996911380945,-1.4226912037069466,0
0.31058641950336296,0.47851794495398137,0
0.5641366712223865,-1.138837263632733,0
1.3155893504193914,-0.9564501628497516,0
0.36826020971952333,-0.8319717626307451,0
-0.5783507489361873,0.13937562518437296,0
-0.24841974430627056,-1.0193231970704812,0
-0.9871907927374551,-0.24556563551160115,0
0.7718489348265023,1.1938939405433655,0
-1.2476170132218516,-0.3206882773217967,0
-1.19926330883137,-1.4502225581022063,0
0.48515604793186995,0.30734832589976335,0
-1.0109426585553414,-0.7985615007208077,0
-1.4288767390664447,1.004841617083211,0
1.4240717881456542,-1.0936213896159277,0
-0.8055743587041057,1.1052285718408021,0
1.2793913938685546,-0.2411178515795691,0
-1.3481325831927777,-1.3818244989215418,0
-1.4140427172670365,0.2497571769376703,0
-1.4660923902329326,0.8621158744478188,0
-0.5807015318898853,-1.3792259909723037,0
1.4214012400714484,0.13259598751110646,0
-0.6742824568889751,0.6283165939019244,0
-0.685523992371866,1.2127298742226955,0
-1.3482806885273133,-0.22163628614330766,0
0.9970906189829849,0.9169464160900258,0
-0.8270443234394212,-0.821762786968312,0
0.9519159366397103,1.2911952605079766,0
-1.2139172361809893,-0.1498240817213241,0
-0.4876371631073131,1.1120653663723181,0
-1.2494252559599437,-0.8666221723258878,0
0.7574050127594831,-1.3461184530563532,0
-0.496796463033754,-0.31628305404322865,0
0.08982176079069881,-1.0158979248348508,0
